Workbook

Sheet Bảng OT nhập liệu
C1: BẢNG ĐĂNG KÝ LÀM THÊM GIỜ THÁNG….9.../2026 Bộ phận: Quản lý chất lượng và bảo dưỡng
A3: STT | B3: ID | C3: Họ và Tên | D3: Ngày làm thêm | F3: Nội dung công việc (Ghi dõ công việc của từng cá nhân) | G3: Thời gian làm thêm | I3: 1.5 | J3: 2 | K3: 2.1 | L3: 2.7 | M3: Tổng giờ làm thêm | N3: Ghi chú
G4: Từ | H4: Đến | W4: Thêm thứ vào
A5: 1 | B5: =+INDEX('Danh sách CBCNV'!B:B,MATCH(C5,'Danh sách CBCNV'!C:C,0)) -> 01215 | C5: Lê Thế Hùng | D5: 46269 | E5: =+IF(D5<>"",CHOOSE(WEEKDAY(D5),"CN","T2","T3","T4","T5","T6","T7"),"") -> T6 | F5: Follow dây chuyền làm dây Cable | G5: 17 | H5: 19 | I5: =IF(E5="CN","",IF(AND(H5<=24,G5>=19),H5-G5,IF(AND(H5<20,G5>=17),H5-G5,IF(AND(G5>=12,H5<=19),H5-G5,IF(AND(H5>12,H5<20),(H5-G5)-1,IF(H5>22,22-G5,(H5-G5))))))) -> 2 | J5: =IF(E5<>"CN","",IF(AND(H5>12,H182517),(H5-G5)-1,IF(AND(E5="CN",H5>=22),(22-G5-1),(H5-G5)))) | K5: =IF(E5="CN","",IF(H5>=22,H5-22,"")) | L5: =IF(AND(E5="CN",H5>=22),24-H5,"") | M5: =SUM(I5:L5) -> 2 | S5: d | T5: dd | U5: ddd | V5: dddd | W5: [$-vi-VN] | X5: [$-42a]
A6: 2 | B6: =+INDEX('Danh sách CBCNV'!B:B,MATCH(C6,'Danh sách CBCNV'!C:C,0)) -> 01228 | C6: Nguyễn Xuân Đoàn | D6: 46270 | E6: =+IF(D6<>"",CHOOSE(WEEKDAY(D6),"CN","T2","T3","T4","T5","T6","T7"),"") -> T7 | F6: Máy ép vòng bi- căn chỉ cụm check 1, cụm ép 3 | G6: 17 | H6: 19 | I6: =IF(E6="CN","",IF(AND(H6<=24,G6>=19),H6-G6,IF(AND(H6<20,G6>=17),H6-G6,IF(AND(G6>=12,H6<=19),H6-G6,IF(AND(H6>12,H6<20),(H6-G6)-1,IF(H6>22,22-G6,(H6-G6))))))) -> 2 | J6: =IF(E6<>"CN","",IF(AND(H6>12,H182518),(H6-G6)-1,IF(AND(E6="CN",H6>=22),(22-G6-1),(H6-G6)))) | K6: =IF(E6="CN","",IF(H6>=22,H6-22,"")) | L6: =IF(AND(E6="CN",H6>=22),24-H6,"") | M6: =SUM(I6:L6) -> 2
A7: 3 | B7: =+INDEX('Danh sách CBCNV'!B:B,MATCH(C7,'Danh sách CBCNV'!C:C,0)) -> 01228 | C7: Nguyễn Xuân Đoàn | D7: 46271 | E7: =+IF(D7<>"",CHOOSE(WEEKDAY(D7),"CN","T2","T3","T4","T5","T6","T7"),"") -> CN | F7: Máy ép vòng bi - Lắp chi tiết sửa ,căn chỉnh cụm ép 3 | G7: 8 | H7: 17 | I7: =IF(E7="CN","",IF(AND(H7<=24,G7>=19),H7-G7,IF(AND(H7<20,G7>=17),H7-G7,IF(AND(G7>=12,H7<=19),H7-G7,IF(AND(H7>12,H7<20),(H7-G7)-1,IF(H7>22,22-G7,(H7-G7))))))) | J7: =IF(E7<>"CN","",IF(AND(H7>12,H182519),(H7-G7)-1,IF(AND(E7="CN",H7>=22),(22-G7-1),(H7-G7)))) -> 8 | K7: =IF(E7="CN","",IF(H7>=22,H7-22,"")) | L7: =IF(AND(E7="CN",H7>=22),24-H7,"") | M7: =SUM(I7:L7) -> 8
A8: 4 | B8: =+INDEX('Danh sách CBCNV'!B:B,MATCH(C8,'Danh sách CBCNV'!C:C,0)) -> 01228 | C8: Nguyễn Xuân Đoàn | D8: 46272 | E8: =+IF(D8<>"",CHOOSE(WEEKDAY(D8),"CN","T2","T3","T4","T5","T6","T7"),"") -> T2 | F8: Máy ép vòng bi- căn chỉnh cụm ép 1 chạy manual | G8: 17 | H8: 20 | I8: =IF(E8="CN","",IF(AND(H8<=24,G8>=19),H8-G8,IF(AND(H8<20,G8>=17),H8-G8,IF(AND(G8>=12,H8<=19),H8-G8,IF(AND(H8>12,H8<20),(H8-G8)-1,IF(H8>22,22-G8,(H8-G8))))))) -> 3 | J8: =IF(E8<>"CN","",IF(AND(H8>12,H182520),(H8-G8)-1,IF(AND(E8="CN",H8>=22),(22-G8-1),(H8-G8)))) | K8: =IF(E8="CN","",IF(H8>=22,H8-22,"")) | L8: =IF(AND(E8="CN",H8>=22),24-H8,"") | M8: =SUM(I8:L8) -> 3
A9: 5 | B9: =+INDEX('Danh sách CBCNV'!B:B,MATCH(C9,'Danh sách CBCNV'!C:C,0)) -> 01215 | C9: Lê Thế Hùng | D9: 46273 | E9: =+IF(D9<>"",CHOOSE(WEEKDAY(D9),"CN","T2","T3","T4","T5","T6","T7"),"") -> T3 | F9: Follow dây chuyền dây Cable | G9: 17 | H9: 20 | I9: =IF(E9="CN","",IF(AND(H9<=24,G9>=19),H9-G9,IF(AND(H9<20,G9>=17),H9-G9,IF(AND(G9>=12,H9<=19),H9-G9,IF(AND(H9>12,H9<20),(H9-G9)-1,IF(H9>22,22-G9,(H9-G9))))))) -> 3 | J9: =IF(E9<>"CN","",IF(AND(H9>12,H182521),(H9-G9)-1,IF(AND(E9="CN",H9>=22),(22-G9-1),(H9-G9)))) | K9: =IF(E9="CN","",IF(H9>=22,H9-22,"")) | L9: =IF(AND(E9="CN",H9>=22),24-H9,"") | M9: =SUM(I9:L9) -> 3
A10: 6 | B10: =+INDEX('Danh sách CBCNV'!B:B,MATCH(C10,'Danh sách CBCNV'!C:C,0)) -> 01215 | C10: Lê Thế Hùng | D10: 46274 | E10: =+IF(D10<>"",CHOOSE(WEEKDAY(D10),"CN","T2","T3","T4","T5","T6","T7"),"") -> T4 | F10: Follow dây chuyền dây Cable | G10: 17 | H10: 21.25 | I10: =IF(E10="CN","",IF(AND(H10<=24,G10>=19),H10-G10,IF(AND(H10<20,G10>=17),H10-G10,IF(AND(G10>=12,H10<=19),H10-G10,IF(AND(H10>12,H10<20),(H10-G10)-1,IF(H10>22,22-G10,(H10-G10))))))) -> 4.25 | J10: =IF(E10<>"CN","",IF(AND(H10>12,H182522),(H10-G10)-1,IF(AND(E10="CN",H10>=22),(22-G10-1),(H10-G10)))) | K10: =IF(E10="CN","",IF(H10>=22,H10-22,"")) | L10: =IF(AND(E10="CN",H10>=22),24-H10,"") | M10: =SUM(I10:L10) -> 4.25
A11: 7 | B11: =+INDEX('Danh sách CBCNV'!B:B,MATCH(C11,'Danh sách CBCNV'!C:C,0)) -> 01228 | C11: Nguyễn Xuân Đoàn | D11: 46274 | E11: =+IF(D11<>"",CHOOSE(WEEKDAY(D11),"CN","T2","T3","T4","T5","T6","T7"),"") -> T4 | F11: Máy ép vòng bi | G11: 17 | H11: 20 | I11: =IF(E11="CN","",IF(AND(H11<=24,G11>=19),H11-G11,IF(AND(H11<20,G11>=17),H11-G11,IF(AND(G11>=12,H11<=19),H11-G11,IF(AND(H11>12,H11<20),(H11-G11)-1,IF(H11>22,22-G11,(H11-G11))))))) -> 3 | J11: =IF(E11<>"CN","",IF(AND(H11>12,H182523),(H11-G11)-1,IF(AND(E11="CN",H11>=22),(22-G11-1),(H11-G11)))) | K11: =IF(E11="CN","",IF(H11>=22,H11-22,"")) | L11: =IF(AND(E11="CN",H11>=22),24-H11,"") | M11: =SUM(I11:L11) -> 3
A12: 8 | B12: =+INDEX('Danh sách CBCNV'!B:B,MATCH(C12,'Danh sách CBCNV'!C:C,0)) -> 01215 | C12: Lê Thế Hùng | D12: 46275 | E12: =+IF(D12<>"",CHOOSE(WEEKDAY(D12),"CN","T2","T3","T4","T5","T6","T7"),"") -> T5 | F12: Follow dây chuyền dây Cable | G12: 17 | H12: 20 | I12: =IF(E12="CN","",IF(AND(H12<=24,G12>=19),H12-G12,IF(AND(H12<20,G12>=17),H12-G12,IF(AND(G12>=12,H12<=19),H12-G12,IF(AND(H12>12,H12<20),(H12-G12)-1,IF(H12>22,22-G12,(H12-G12))))))) -> 3 | J12: =IF(E12<>"CN","",IF(AND(H12>12,H182524),(H12-G12)-1,IF(AND(E12="CN",H12>=22),(22-G12-1),(H12-G12)))) | K12: =IF(E12="CN","",IF(H12>=22,H12-22,"")) | L12: =IF(AND(E12="CN",H12>=22),24-H12,"") | M12: =SUM(I12:L12) -> 3
A13: 9 | B13: =+INDEX('Danh sách CBCNV'!B:B,MATCH(C13,'Danh sách CBCNV'!C:C,0)) -> 01228 | C13: Nguyễn Xuân Đoàn | D13: 46275 | E13: =+IF(D13<>"",CHOOSE(WEEKDAY(D13),"CN","T2","T3","T4","T5","T6","T7"),"") -> T5 | F13: Máy ép vòng bi test auto | G13: 17 | H13: 20 | I13: =IF(E13="CN","",IF(AND(H13<=24,G13>=19),H13-G13,IF(AND(H13<20,G13>=17),H13-G13,IF(AND(G13>=12,H13<=19),H13-G13,IF(AND(H13>12,H13<20),(H13-G13)-1,IF(H13>22,22-G13,(H13-G13))))))) -> 3 | J13: =IF(E13<>"CN","",IF(AND(H13>12,H182525),(H13-G13)-1,IF(AND(E13="CN",H13>=22),(22-G13-1),(H13-G13)))) | K13: =IF(E13="CN","",IF(H13>=22,H13-22,"")) | L13: =IF(AND(E13="CN",H13>=22),24-H13,"") | M13: =SUM(I13:L13) -> 3
A14: 10 | B14: =+INDEX('Danh sách CBCNV'!B:B,MATCH(C14,'Danh sách CBCNV'!C:C,0)) -> 01215 | C14: Lê Thế Hùng | D14: 46276 | E14: =+IF(D14<>"",CHOOSE(WEEKDAY(D14),"CN","T2","T3","T4","T5","T6","T7"),"") -> T6 | F14: Follow dây chuyền dây Cable | G14: 17 | H14: 20 | I14: =IF(E14="CN","",IF(AND(H14<=24,G14>=19),H14-G14,IF(AND(H14<20,G14>=17),H14-G14,IF(AND(G14>=12,H14<=19),H14-G14,IF(AND(H14>12,H14<20),(H14-G14)-1,IF(H14>22,22-G14,(H14-G14))))))) -> 3 | J14: =IF(E14<>"CN","",IF(AND(H14>12,H182526),(H14-G14)-1,IF(AND(E14="CN",H14>=22),(22-G14-1),(H14-G14)))) | K14: =IF(E14="CN","",IF(H14>=22,H14-22,"")) | L14: =IF(AND(E14="CN",H14>=22),24-H14,"") | M14: =SUM(I14:L14) -> 3
A15: 11 | B15: =+INDEX('Danh sách CBCNV'!B:B,MATCH(C15,'Danh sách CBCNV'!C:C,0)) -> 01228 | C15: Nguyễn Xuân Đoàn | D15: 46276 | E15: =+IF(D15<>"",CHOOSE(WEEKDAY(D15),"CN","T2","T3","T4","T5","T6","T7"),"") -> T6 | F15: Máy ép vòng bi test auto | G15: 17 | H15: 19 | I15: =IF(E15="CN","",IF(AND(H15<=24,G15>=19),H15-G15,IF(AND(H15<20,G15>=17),H15-G15,IF(AND(G15>=12,H15<=19),H15-G15,IF(AND(H15>12,H15<20),(H15-G15)-1,IF(H15>22,22-G15,(H15-G15))))))) -> 2 | J15: =IF(E15<>"CN","",IF(AND(H15>12,H182527),(H15-G15)-1,IF(AND(E15="CN",H15>=22),(22-G15-1),(H15-G15)))) | K15: =IF(E15="CN","",IF(H15>=22,H15-22,"")) | L15: =IF(AND(E15="CN",H15>=22),24-H15,"") | M15: =SUM(I15:L15) -> 2
B16: =+INDEX('Danh sách CBCNV'!B:B,MATCH(C16,'Danh sách CBCNV'!C:C,0)) -> #N/A | E16: =+IF(D16<>"",CHOOSE(WEEKDAY(D16),"CN","T2","T3","T4","T5","T6","T7"),"") | I16: =IF(E16="CN","",IF(AND(H16<=24,G16>=19),H16-G16,IF(AND(H16<20,G16>=17),H16-G16,IF(AND(G16>=12,H16<=19),H16-G16,IF(AND(H16>12,H16<20),(H16-G16)-1,IF(H16>22,22-G16,(H16-G16))))))) -> 0 | J16: =IF(E16<>"CN","",IF(AND(H16>12,H182528),(H16-G16)-1,IF(AND(E16="CN",H16>=22),(22-G16-1),(H16-G16)))) | K16: =IF(E16="CN","",IF(H16>=22,H16-22,"")) | L16: =IF(AND(E16="CN",H16>=22),24-H16,"") | M16: =SUM(I16:L16) -> 0
B17: =+INDEX('Danh sách CBCNV'!B:B,MATCH(C17,'Danh sách CBCNV'!C:C,0)) -> #N/A | E17: =+IF(D17<>"",CHOOSE(WEEKDAY(D17),"CN","T2","T3","T4","T5","T6","T7"),"") | I17: =IF(E17="CN","",IF(AND(H17<=24,G17>=19),H17-G17,IF(AND(H17<20,G17>=17),H17-G17,IF(AND(G17>=12,H17<=19),H17-G17,IF(AND(H17>12,H17<20),(H17-G17)-1,IF(H17>22,22-G17,(H17-G17))))))) -> 0 | J17: =IF(E17<>"CN","",IF(AND(H17>12,H182529),(H17-G17)-1,IF(AND(E17="CN",H17>=22),(22-G17-1),(H17-G17)))) | K17: =IF(E17="CN","",IF(H17>=22,H17-22,"")) | L17: =IF(AND(E17="CN",H17>=22),24-H17,"") | M17: =SUM(I17:L17) -> 0 | S17: m | T17: mm | U17: mmm | V17: mmmm
B18: =+INDEX('Danh sách CBCNV'!B:B,MATCH(C18,'Danh sách CBCNV'!C:C,0)) -> #N/A | E18: =+IF(D18<>"",CHOOSE(WEEKDAY(D18),"CN","T2","T3","T4","T5","T6","T7"),"") | I18: =IF(E18="CN","",IF(AND(H18<=24,G18>=19),H18-G18,IF(AND(H18<20,G18>=17),H18-G18,IF(AND(G18>=12,H18<=19),H18-G18,IF(AND(H18>12,H18<20),(H18-G18)-1,IF(H18>22,22-G18,(H18-G18))))))) -> 0 | J18: =IF(E18<>"CN","",IF(AND(H18>12,H182530),(H18-G18)-1,IF(AND(E18="CN",H18>=22),(22-G18-1),(H18-G18)))) | K18: =IF(E18="CN","",IF(H18>=22,H18-22,"")) | L18: =IF(AND(E18="CN",H18>=22),24-H18,"") | M18: =SUM(I18:L18) -> 0 | S18: y | T18: yy | U18: yyy | V18: yyyy
B19: =+INDEX('Danh sách CBCNV'!B:B,MATCH(C19,'Danh sách CBCNV'!C:C,0)) -> #N/A | E19: =+IF(D19<>"",CHOOSE(WEEKDAY(D19),"CN","T2","T3","T4","T5","T6","T7"),"") | I19: =IF(E19="CN","",IF(AND(H19<=24,G19>=19),H19-G19,IF(AND(H19<20,G19>=17),H19-G19,IF(AND(G19>=12,H19<=19),H19-G19,IF(AND(H19>12,H19<20),(H19-G19)-1,IF(H19>22,22-G19,(H19-G19))))))) -> 0 | J19: =IF(E19<>"CN","",IF(AND(H19>12,H182531),(H19-G19)-1,IF(AND(E19="CN",H19>=22),(22-G19-1),(H19-G19)))) | K19: =IF(E19="CN","",IF(H19>=22,H19-22,"")) | L19: =IF(AND(E19="CN",H19>=22),24-H19,"") | M19: =SUM(I19:L19) -> 0
B20: =+INDEX('Danh sách CBCNV'!B:B,MATCH(C20,'Danh sách CBCNV'!C:C,0)) -> #N/A | E20: =+IF(D20<>"",CHOOSE(WEEKDAY(D20),"CN","T2","T3","T4","T5","T6","T7"),"") | I20: =IF(E20="CN","",IF(AND(H20<=24,G20>=19),H20-G20,IF(AND(H20<20,G20>=17),H20-G20,IF(AND(G20>=12,H20<=19),H20-G20,IF(AND(H20>12,H20<20),(H20-G20)-1,IF(H20>22,22-G20,(H20-G20))))))) -> 0 | J20: =IF(E20<>"CN","",IF(AND(H20>12,H182532),(H20-G20)-1,IF(AND(E20="CN",H20>=22),(22-G20-1),(H20-G20)))) | K20: =IF(E20="CN","",IF(H20>=22,H20-22,"")) | L20: =IF(AND(E20="CN",H20>=22),24-H20,"") | M20: =SUM(I20:L20) -> 0
B21: =+INDEX('Danh sách CBCNV'!B:B,MATCH(C21,'Danh sách CBCNV'!C:C,0)) -> #N/A | E21: =+IF(D21<>"",CHOOSE(WEEKDAY(D21),"CN","T2","T3","T4","T5","T6","T7"),"") | I21: =IF(E21="CN","",IF(AND(H21<=24,G21>=19),H21-G21,IF(AND(H21<20,G21>=17),H21-G21,IF(AND(G21>=12,H21<=19),H21-G21,IF(AND(H21>12,H21<20),(H21-G21)-1,IF(H21>22,22-G21,(H21-G21))))))) -> 0 | J21: =IF(E21<>"CN","",IF(AND(H21>12,H182533),(H21-G21)-1,IF(AND(E21="CN",H21>=22),(22-G21-1),(H21-G21)))) | K21: =IF(E21="CN","",IF(H21>=22,H21-22,"")) | L21: =IF(AND(E21="CN",H21>=22),24-H21,"") | M21: =SUM(I21:L21) -> 0
B22: =+INDEX('Danh sách CBCNV'!B:B,MATCH(C22,'Danh sách CBCNV'!C:C,0)) -> #N/A | E22: =+IF(D22<>"",CHOOSE(WEEKDAY(D22),"CN","T2","T3","T4","T5","T6","T7"),"") | I22: =IF(E22="CN","",IF(AND(H22<=24,G22>=19),H22-G22,IF(AND(H22<20,G22>=17),H22-G22,IF(AND(G22>=12,H22<=19),H22-G22,IF(AND(H22>12,H22<20),(H22-G22)-1,IF(H22>22,22-G22,(H22-G22))))))) -> 0 | J22: =IF(E22<>"CN","",IF(AND(H22>12,H182534),(H22-G22)-1,IF(AND(E22="CN",H22>=22),(22-G22-1),(H22-G22)))) | K22: =IF(E22="CN","",IF(H22>=22,H22-22,"")) | L22: =IF(AND(E22="CN",H22>=22),24-H22,"") | M22: =SUM(I22:L22) -> 0
B23: =+INDEX('Danh sách CBCNV'!B:B,MATCH(C23,'Danh sách CBCNV'!C:C,0)) -> #N/A | E23: =+IF(D23<>"",CHOOSE(WEEKDAY(D23),"CN","T2","T3","T4","T5","T6","T7"),"") | I23: =IF(E23="CN","",IF(AND(H23<=24,G23>=19),H23-G23,IF(AND(H23<20,G23>=17),H23-G23,IF(AND(G23>=12,H23<=19),H23-G23,IF(AND(H23>12,H23<20),(H23-G23)-1,IF(H23>22,22-G23,(H23-G23))))))) -> 0 | J23: =IF(E23<>"CN","",IF(AND(H23>12,H182535),(H23-G23)-1,IF(AND(E23="CN",H23>=22),(22-G23-1),(H23-G23)))) | K23: =IF(E23="CN","",IF(H23>=22,H23-22,"")) | L23: =IF(AND(E23="CN",H23>=22),24-H23,"") | M23: =SUM(I23:L23) -> 0
B24: =+INDEX('Danh sách CBCNV'!B:B,MATCH(C24,'Danh sách CBCNV'!C:C,0)) -> #N/A | E24: =+IF(D24<>"",CHOOSE(WEEKDAY(D24),"CN","T2","T3","T4","T5","T6","T7"),"") | I24: =IF(E24="CN","",IF(AND(H24<=24,G24>=19),H24-G24,IF(AND(H24<20,G24>=17),H24-G24,IF(AND(G24>=12,H24<=19),H24-G24,IF(AND(H24>12,H24<20),(H24-G24)-1,IF(H24>22,22-G24,(H24-G24))))))) -> 0 | J24: =IF(E24<>"CN","",IF(AND(H24>12,H182536),(H24-G24)-1,IF(AND(E24="CN",H24>=22),(22-G24-1),(H24-G24)))) | K24: =IF(E24="CN","",IF(H24>=22,H24-22,"")) | L24: =IF(AND(E24="CN",H24>=22),24-H24,"") | M24: =SUM(I24:L24) -> 0
B25: =+INDEX('Danh sách CBCNV'!B:B,MATCH(C25,'Danh sách CBCNV'!C:C,0)) -> #N/A | E25: =+IF(D25<>"",CHOOSE(WEEKDAY(D25),"CN","T2","T3","T4","T5","T6","T7"),"") | I25: =IF(E25="CN","",IF(AND(H25<=24,G25>=19),H25-G25,IF(AND(H25<20,G25>=17),H25-G25,IF(AND(G25>=12,H25<=19),H25-G25,IF(AND(H25>12,H25<20),(H25-G25)-1,IF(H25>22,22-G25,(H25-G25))))))) -> 0 | J25: =IF(E25<>"CN","",IF(AND(H25>12,H182537),(H25-G25)-1,IF(AND(E25="CN",H25>=22),(22-G25-1),(H25-G25)))) | K25: =IF(E25="CN","",IF(H25>=22,H25-22,"")) | L25: =IF(AND(E25="CN",H25>=22),24-H25,"") | M25: =SUM(I25:L25) -> 0
B26: =+INDEX('Danh sách CBCNV'!B:B,MATCH(C26,'Danh sách CBCNV'!C:C,0)) -> #N/A | E26: =+IF(D26<>"",CHOOSE(WEEKDAY(D26),"CN","T2","T3","T4","T5","T6","T7"),"") | I26: =IF(E26="CN","",IF(AND(H26<=24,G26>=19),H26-G26,IF(AND(H26<20,G26>=17),H26-G26,IF(AND(G26>=12,H26<=19),H26-G26,IF(AND(H26>12,H26<20),(H26-G26)-1,IF(H26>22,22-G26,(H26-G26))))))) -> 0 | J26: =IF(E26<>"CN","",IF(AND(H26>12,H182538),(H26-G26)-1,IF(AND(E26="CN",H26>=22),(22-G26-1),(H26-G26)))) | K26: =IF(E26="CN","",IF(H26>=22,H26-22,"")) | L26: =IF(AND(E26="CN",H26>=22),24-H26,"") | M26: =SUM(I26:L26) -> 0
B27: =+INDEX('Danh sách CBCNV'!B:B,MATCH(C27,'Danh sách CBCNV'!C:C,0)) -> #N/A | E27: =+IF(D27<>"",CHOOSE(WEEKDAY(D27),"CN","T2","T3","T4","T5","T6","T7"),"") | I27: =IF(E27="CN","",IF(AND(H27<=24,G27>=19),H27-G27,IF(AND(H27<20,G27>=17),H27-G27,IF(AND(G27>=12,H27<=19),H27-G27,IF(AND(H27>12,H27<20),(H27-G27)-1,IF(H27>22,22-G27,(H27-G27))))))) -> 0 | J27: =IF(E27<>"CN","",IF(AND(H27>12,H182539),(H27-G27)-1,IF(AND(E27="CN",H27>=22),(22-G27-1),(H27-G27)))) | K27: =IF(E27="CN","",IF(H27>=22,H27-22,"")) | L27: =IF(AND(E27="CN",H27>=22),24-H27,"") | M27: =SUM(I27:L27) -> 0
B28: =+INDEX('Danh sách CBCNV'!B:B,MATCH(C28,'Danh sách CBCNV'!C:C,0)) -> #N/A | E28: =+IF(D28<>"",CHOOSE(WEEKDAY(D28),"CN","T2","T3","T4","T5","T6","T7"),"") | I28: =IF(E28="CN","",IF(AND(H28<=24,G28>=19),H28-G28,IF(AND(H28<20,G28>=17),H28-G28,IF(AND(G28>=12,H28<=19),H28-G28,IF(AND(H28>12,H28<20),(H28-G28)-1,IF(H28>22,22-G28,(H28-G28))))))) -> 0 | J28: =IF(E28<>"CN","",IF(AND(H28>12,H182540),(H28-G28)-1,IF(AND(E28="CN",H28>=22),(22-G28-1),(H28-G28)))) | K28: =IF(E28="CN","",IF(H28>=22,H28-22,"")) | L28: =IF(AND(E28="CN",H28>=22),24-H28,"") | M28: =SUM(I28:L28) -> 0
B29: =+INDEX('Danh sách CBCNV'!B:B,MATCH(C29,'Danh sách CBCNV'!C:C,0)) -> #N/A | E29: =+IF(D29<>"",CHOOSE(WEEKDAY(D29),"CN","T2","T3","T4","T5","T6","T7"),"") | I29: =IF(E29="CN","",IF(AND(H29<=24,G29>=19),H29-G29,IF(AND(H29<20,G29>=17),H29-G29,IF(AND(G29>=12,H29<=19),H29-G29,IF(AND(H29>12,H29<20),(H29-G29)-1,IF(H29>22,22-G29,(H29-G29))))))) -> 0 | J29: =IF(E29<>"CN","",IF(AND(H29>12,H182541),(H29-G29)-1,IF(AND(E29="CN",H29>=22),(22-G29-1),(H29-G29)))) | K29: =IF(E29="CN","",IF(H29>=22,H29-22,"")) | L29: =IF(AND(E29="CN",H29>=22),24-H29,"") | M29: =SUM(I29:L29) -> 0
B30: =+INDEX('Danh sách CBCNV'!B:B,MATCH(C30,'Danh sách CBCNV'!C:C,0)) -> #N/A | E30: =+IF(D30<>"",CHOOSE(WEEKDAY(D30),"CN","T2","T3","T4","T5","T6","T7"),"") | I30: =IF(E30="CN","",IF(AND(H30<=24,G30>=19),H30-G30,IF(AND(H30<20,G30>=17),H30-G30,IF(AND(G30>=12,H30<=19),H30-G30,IF(AND(H30>12,H30<20),(H30-G30)-1,IF(H30>22,22-G30,(H30-G30))))))) -> 0 | J30: =IF(E30<>"CN","",IF(AND(H30>12,H182542),(H30-G30)-1,IF(AND(E30="CN",H30>=22),(22-G30-1),(H30-G30)))) | K30: =IF(E30="CN","",IF(H30>=22,H30-22,"")) | L30: =IF(AND(E30="CN",H30>=22),24-H30,"") | M30: =SUM(I30:L30) -> 0
... B141: =+INDEX('Danh sách CBCNV'!B:B,MATCH(C141,'Danh sách CBCNV'!C:C,0)) -> #N/A | E141: =+IF(D141<>"",CHOOSE(WEEKDAY(D141),"CN","T2","T3","T4","T5","T6","T7"),"") | I141: =IF(E141="CN","",IF(AND(H141<=24,G141>=19),H141-G141,IF(AND(H141<20,G141>=17),H141-G141,IF(AND(G141>=12,H141<=19),H141-G141,IF(AND(H141>12,H141<20),(H141-G141)-1,IF(H141>22,22-G141,(H141-G141))))))) -> 0 | J141: =IF(E141<>"CN","",IF(AND(H141>12,H182653),(H141-G141)-1,IF(AND(E141="CN",H141>=22),(22-G141-1),(H141-G141)))) | K141: =IF(E141="CN","",IF(H141>=22,H141-22,"")) | L141: =IF(AND(E141="CN",H141>=22),24-H141,"") | M141: =SUM(I141:L141) -> 0
A142: Ghi chú:
A144: - Người kiểm tra: TP; Người duyệt: GĐ
A145: - Danh sách đăng ký làm thêm phải gửi cho GĐ ký duyệt trước 16h hàng ngày, nếu làm thêm ngày nghỉ thì gửi trước 16h ngày hôm trước.
A146: Người lập (Ký, ghi họ tên) | F146: Người kiểm tra (Ký, ghi họ tên) | G146: Người duyệt (Ký, ghi họ tên)

Sheet Danh sách CBCNV
A3: STT | B3: ID | C3: Họ tên | D3: Tên công ty
B4: 00924 | C4: Đào Trọng Tài
B5: 00917 | C5: Vũ Thị Thùy Dương
B6: 00943 | C6: Võ Văn Hợi
B7: 00944 | C7: Hà Hồng Quân
B8: 00968 | C8: Phạm Thị Quỳnh Ngoan
B9: 00187 | C9: Lê Thị Phượng
B10: 00925 | C10: Hoàng Thị Liên
B11: 00192 | C11: Trịnh Văn Tráng
B12: 00088 | C12: Nguyễn Bá Chiến
B13: 00465 | C13: Hoàng Viết Hòa
B14: 00562 | C14: Nguyễn Phan Anh
B15: 00653 | C15: Lê Ngọc Lâm
... B124: 01240 | C124: Vương Đức Hùng
